Search term,Sessions
,26248
Jessica Connelly,8
china,4
open positions,3
Global Business Climate Survey 2025,2
Single supplier declaration,2
business climate survey,2
global business climate survey,2
graduates,2
leverantörsdeklaration,2
uk,2
usa,2
business climate survey portugal,1
workforce,1
Britta Stenson,1
COLOMBIA,1
Certification of compliance,1
China,1
EMI Q2 2025,1
Export Managers Index Q2 2025,1
GDP SWEDEN IN %,1
Global Business Climate Survey,1
Global Business Climate Survey 2025”,1
ITS world congress,1
Importer of Record,1
"Jordan ",1
Klimat,1
Långtidsleverantör,1
Marie Claire Maxwell,1
Mellanöstern kontor,1
Mocambique,1
"Nvidia ",1
"Pierzynowski, Kacper",1
Post-och Inrikes Tidningar,1
Stiftelsen Skansen,1
Usa klimat,1
africa railway,1
business climate survey kanada,1
559506-0111,1
business climate survey westbank,1
business sweden guide for India,1
cecilia schartau,1
ceta,1
"colombia ",1
deklaration,1
eda kommun,1
elin fundell,1
global buisness climate survey sverige,1
grants,1
india,1
italien,1
jenny strömberg,1
jobb,1
jobs,1
language,1
lediga tjänster,1
lena sellgren kontakt,1
leverantörsdeklaration för längre tid,1
long term supplier declaration,1
long time supplier,1
mall,1
mercosur,1
mongoliet,1
mozambique,1
mumbai,1
nato,1
norway,1
opportunity,1
sydkorea,1
tipsywordl,1
true temperament,1
tullar indien usa,1
tyskland,1
ursprung,1
usa klimat,1
västra balkan,1
"Berlin, tyskland",1